교육과정,대단원코드,대단원명,중단원번호,중단원명
중등1,A,소인수분해,1,소수와 합성수 및 소인수분해
중등1,A,소인수분해,2,최대공약수 및 최소공배수
중등1,B,정수와 유리수,1,정수와 유리수
중등1,B,정수와 유리수,2,정수와 유리수의 계산
중등1,C,문자와 식 일차방정식,1,문자의 사용과 식의 계산
중등1,C,문자와 식 일차방정식,2,일차방정식의 풀이
중등1,C,문자와 식 일차방정식,3,일차방정식의 활용
중등1,D,그래프와 비례관계,1,좌표평면과 그래프
중등1,D,그래프와 비례관계,2,정비례와 반비례
중등1,G,도형의 기초,1,기본 도형
중등1,G,도형의 기초,2,작도와 합동
중등1,H,도형의 성질,1,평면도형의 성질
중등1,H,도형의 성질,2,입체도형의 성질
중등1,I,자료와 문제해결,1,대푯값과 도수분포표
중등1,I,자료와 문제해결,2,상대도수
중등2,J,수와 식의 계산,1,유리수와 순환소수
중등2,J,수와 식의 계산,2,식의 계산
중등2,K,부등식과 연립방정식,1,일차부등식
중등2,K,부등식과 연립방정식,2,일차부등식 활용
중등2,K,부등식과 연립방정식,3,연립방정식
중등2,K,부등식과 연립방정식,4,연립방정식 활용
중등2,L,일차함수,1,일차함수와 그 그래프
중등2,L,일차함수,2,일차함수와 일차방정식
중등2,M,삼각형의 성질,1,이등변삼각형과 직각삼각형
중등2,M,삼각형의 성질,2,삼각형의 외심과 내심
중등2,M,사각형의 성질,4,평행사변형
중등2,M,사각형의 성질,5,여러 가지 사각형
중등2,N,도형의 닮음,4,도형의 닮음
중등2,N,도형의 닮음,5,닮음의 활용
중등2,O,피타고라스 정리,1,피타고라스 정리
중등2,O,피타고라스 정리,2,평면도형에의 활용
중등2,O,피타고라스 정리,3,입체도형에의 활용
중등2,P,확률,1,경우의 수
중등2,P,확률,2,확률
중등3,,실수와 근호,1,제곱근과 실수
중등3,,실수와 근호,2,근호를 포함한 식의 계산
중등3,,다항식과 인수분해,1,다항식의 곱셈
중등3,,다항식과 인수분해,2,인수분해
중등3,,이차방정식,1,이차방정식의 풀이
중등3,,이차방정식,2,이차방정식의 활용
중등3,,이차함수,1,이차함수와 그래프
중등3,,이차함수,3,이차함수의 활용
중등3,,삼각비,1,삼각비
중등3,,삼각비,2,삼각비의 활용
중등3,,원의 성질,1,원과 직선
중등3,,원의 성질,2,원주각
중등3,,데이터의 분석,1,"산포도 (산포도,분산,표준편차)"
중등3,,데이터의 분석,2,산점도와 상관관계
공통수학1,A,다항식,1,다항식의 연산
공통수학1,A,다항식,2,항등식과 나머지정리
공통수학1,A,다항식,3,인수분해
공통수학1,B,방정식과 부등식,1,복소수
공통수학1,B,방정식과 부등식,2,이차방정식
공통수학1,B,방정식과 부등식,3,이차함수
공통수학1,B,방정식과 부등식,4,고차방정식
공통수학1,B,방정식과 부등식,5,연립방정식
공통수학1,B,방정식과 부등식,6,부등식
공통수학1,C,경우의 수,1,경우의 수
공통수학1,C,경우의 수,2,순열
공통수학1,C,경우의 수,3,조합
공통수학1,D,행렬,1,행렬의 뜻
공통수학1,D,행렬,2,행렬의 연산
공통수학2,E,도형의 방정식,1,평면좌표
공통수학2,E,도형의 방정식,2,직선의 방정식
공통수학2,E,도형의 방정식,3,원의 방정식
공통수학2,E,도형의 방정식,4,도형의 이동
공통수학2,F,집합과 명제,1,집합
공통수학2,F,집합과 명제,2,명제
공통수학2,F,집합과 명제,3,절대부등식
공통수학2,G,함수,1,함수
공통수학2,G,함수,2,합성함수
공통수학2,G,함수,3,역함수
공통수학2,G,함수,4,유리식과 유리함수
공통수학2,G,함수,5,무리식과 무리함수
대수,G,지수함수와 로그함수,1,지수
대수,G,지수함수와 로그함수,2,로그
대수,G,지수함수와 로그함수,3,상용로그
대수,G,지수함수와 로그함수,4,지수함수
대수,G,지수함수와 로그함수,5,로그함수
대수,G,지수함수와 로그함수,6,지수함수와 로그함수의 활용
대수,H,삼각함수,1,삼각함수
대수,H,삼각함수,2,삼각함수의 그래프
대수,H,삼각함수,3,삼각형에의 활용
대수,I,수열,1,등차수열
대수,I,수열,2,등비수열
대수,I,수열,3,수열의 합
대수,I,수열,4,수학적 귀납법
미적분1,J,함수의 극한과 연속,1,함수의 극한
미적분1,J,함수의 극한과 연속,2,함수의 연속
미적분1,K,미분법,1,미분계수와 도함수
미적분1,K,미분법,2,도함수활용-1 접선-평균값정리(수II)
미적분1,K,미분법,3,도함수활용-2 극대극소-최대최소(수II)
미적분1,K,미분법,4,도함수활용-3 방정식-부등식(수II)
미적분1,K,미분법,5,도함수활용-4 변화율-속도-가속도(수II)
미적분1,L,적분법,1,부정적분
미적분1,L,적분법,2,정적분
미적분1,L,적분법,3,정적분의 활용(수II)
미적분2,M,수열의 극한,1,수열의 극한
미적분2,M,수열의 극한,2,급수
미적분2,N,미분법,1,여러 가지 함수의 미분
미적분2,N,미분법,2,여러 가지 미분법
미적분2,N,미분법,3,도함수활용-1 접선-평균값정리(미적)
미적분2,N,미분법,4,도함수활용-2 극대극소-최대최소(미적)
미적분2,N,미분법,5,도함수활용-3 방정식-부등식(미적)
미적분2,N,미분법,6,도함수활용-4 변화율-속도-가속도(미적)
미적분2,O,적분법,4,여러 가지 적분법
미적분2,O,적분법,5,정적분의 활용(미적)
확률과통계,P,경우의 수,1,여러가지순열
확률과통계,P,경우의 수,2,중복조합
확률과통계,P,경우의 수,3,이항정리
확률과통계,Q,확률,1,확률의 뜻과 활용
확률과통계,Q,확률,2,조건부 확률
확률과통계,R,통계,1,확률분포
확률과통계,R,통계,2,이항분포
확률과통계,R,통계,3,정규분포
확률과통계,R,통계,4,통계적 추정
기하,S,이차곡선,1,포물선
기하,S,이차곡선,2,타원
기하,S,이차곡선,3,쌍곡선
기하,S,이차곡선,4,이차곡선의 접선
기하,T,평면벡터,1,벡터의 연산
기하,T,평면벡터,2,평면벡터의 성분과 내적
기하,T,평면벡터,3,도형의 방정식
기하,U,공간도형과 공간좌표,1,공간도형
기하,U,공간도형과 공간좌표,2,공간좌표
